track_id,n_points,start_time,end_time,lat_genesis,lon_genesis,lat_lysis,lon_lysis,path_km,n_in_region,frac_at_edge,duration_h,separation_km,genesis_in_region,vo_peak,time_peak,lat_peak,lon_peak,peak_in_region,starts_at_first_frame,ends_at_last_frame,ok_region,ok_duration,ok_separation,ok_edge,ok_peak,ok_time,keep
7,4,2004-02-21 00:00:00,2004-02-21 18:00:00,37.0,31.0,35.5,30.5,217.82046932517724,0,0.0,18.0,172.71273364355955,False,7.114382384385625e-05,2004-02-21 18:00:00,35.5,30.5,False,False,True,False,False,False,True,True,True,False
12,7,2004-02-20 00:00:00,2004-02-21 12:00:00,69.0,-61.25,75.0,-80.0,951.3173053970834,0,0.2857142857142857,36.0,919.6574852947155,False,7.5664098987632e-05,2004-02-20 00:00:00,69.0,-61.25,False,False,False,False,False,False,False,True,True,False
13,8,2004-02-19 18:00:00,2004-02-21 12:00:00,80.0,27.5,68.75,-29.75,3505.7768720953563,6,0.25,42.0,1984.133759491979,False,6.176712273289306e-05,2004-02-21 00:00:00,67.0,-8.75,True,False,False,True,False,True,True,True,True,False
15,5,2004-02-17 06:00:00,2004-02-18 06:00:00,51.0,-61.75,43.0,-52.75,1148.230022102537,4,0.0,24.0,1119.4891489431031,False,5.048173904779238e-05,2004-02-17 12:00:00,50.0,-60.0,True,False,False,True,False,True,True,True,True,False
19,7,2004-02-20 06:00:00,2004-02-21 18:00:00,64.75,-8.75,80.0,-68.75,2839.841096421285,2,0.7142857142857143,36.0,2436.6267208119243,True,7.019513581968986e-05,2004-02-21 00:00:00,80.0,-22.25,False,False,True,True,False,True,False,True,True,False
23,11,2004-02-17 00:00:00,2004-02-19 12:00:00,63.75,-36.0,80.0,27.25,3995.211288612709,5,0.5454545454545454,60.0,2600.9770112570054,True,0.00022562442308767707,2004-02-18 06:00:00,75.5,-17.75,False,True,False,True,True,True,False,True,True,False
33,6,2004-02-17 00:00:00,2004-02-18 06:00:00,35.75,-57.0,39.5,-33.25,2156.1211382531683,0,0.0,30.0,2126.246164347372,False,9.999977573473261e-05,2004-02-17 00:00:00,35.75,-57.0,False,True,False,False,False,True,True,True,True,False
39,4,2004-02-17 00:00:00,2004-02-17 18:00:00,35.0,-30.25,35.25,-30.0,154.7521615162574,0,0.0,18.0,35.91264091130631,False,3.460858552420383e-05,2004-02-17 00:00:00,35.0,-30.25,False,True,False,False,False,False,True,True,True,False
41,4,2004-02-17 00:00:00,2004-02-17 18:00:00,40.25,-27.0,44.5,-25.75,490.7238165453242,4,0.0,18.0,483.58739429308173,True,3.629552692891332e-05,2004-02-17 00:00:00,40.25,-27.0,True,True,False,True,False,False,True,True,True,False
43,6,2004-02-17 00:00:00,2004-02-18 06:00:00,47.25,-18.0,48.75,-21.75,872.5583892369145,6,0.0,30.0,325.01180538049994,True,6.133942882648069e-05,2004-02-17 12:00:00,49.0,-18.75,True,True,False,True,False,False,True,True,True,False
47,16,2004-02-17 00:00:00,2004-02-20 18:00:00,69.0,24.25,80.0,33.75,4579.303688502822,4,0.625,90.0,1251.3198301108928,True,0.00010461484600661234,2004-02-17 18:00:00,73.75,28.5,True,True,False,True,True,True,False,True,True,False
51,5,2004-02-17 00:00:00,2004-02-18 00:00:00,74.25,-0.5,66.25,14.0,1049.6025810647106,5,0.0,24.0,1036.8610867686602,True,9.396188122843537e-05,2004-02-17 00:00:00,74.25,-0.5,True,True,False,True,False,True,True,True,True,False
55,4,2004-02-17 00:00:00,2004-02-17 18:00:00,42.0,-9.5,42.75,-7.75,250.4183912034455,4,0.0,18.0,166.18785330015123,True,3.0681779303900586e-05,2004-02-17 06:00:00,42.0,-8.25,True,True,False,True,False,False,True,True,True,False
65,11,2004-02-17 00:00:00,2004-02-19 12:00:00,40.0,19.25,34.0,33.0,1628.3671270413831,1,0.2727272727272727,60.0,1389.1763349528512,True,6.474615511614277e-05,2004-02-18 06:00:00,35.25,27.5,False,True,False,False,True,True,False,True,True,False
67,8,2004-02-17 00:00:00,2004-02-18 18:00:00,42.75,1.25,35.0,10.25,1307.734802546782,2,0.0,42.0,1160.348901717169,True,6.800332758216908e-05,2004-02-18 06:00:00,35.75,6.75,False,True,False,True,False,True,True,True,True,False
73,4,2004-02-17 00:00:00,2004-02-17 18:00:00,57.5,8.5,56.25,18.5,643.4499597019927,4,0.0,18.0,622.7160803248553,True,9.869532753209291e-05,2004-02-17 12:00:00,57.25,16.25,True,True,False,True,False,False,True,True,True,False
75,11,2004-02-17 00:00:00,2004-02-19 12:00:00,64.25,5.25,52.75,30.25,2997.270302118042,8,0.0,60.0,1912.3723403236497,True,9.354704930025602e-05,2004-02-18 00:00:00,57.25,23.75,True,True,False,True,True,True,True,True,True,True
77,4,2004-02-17 00:00:00,2004-02-17 18:00:00,54.0,31.75,47.0,35.25,877.7467174431642,0,0.25,18.0,816.5218630614115,False,3.57833019393702e-05,2004-02-17 06:00:00,53.0,34.25,False,True,False,False,False,False,True,True,True,False
87,4,2004-02-17 06:00:00,2004-02-18 00:00:00,30.0,-65.75,30.0,-66.25,96.2975835018754,0,1.0,18.0,48.14877742762878,False,3.5937706043702004e-05,2004-02-18 00:00:00,30.0,-66.25,False,False,False,False,False,False,False,True,True,False
101,4,2004-02-17 00:00:00,2004-02-17 18:00:00,80.0,40.0,73.25,0.0,1626.6744743736228,2,0.5,18.0,1232.026494657928,False,5.485113317928836e-05,2004-02-17 06:00:00,76.0,17.25,False,True,False,True,False,True,False,True,True,False
107,5,2004-02-17 12:00:00,2004-02-18 12:00:00,64.5,-12.5,68.0,13.5,1526.9338193119759,5,0.0,24.0,1216.921516435061,True,2.2996499046981333e-05,2004-02-17 18:00:00,66.5,-10.75,True,False,False,True,False,True,True,True,True,False
109,4,2004-02-17 12:00:00,2004-02-18 06:00:00,30.0,-3.0,30.0,-3.75,120.37195789238217,0,1.0,18.0,72.22309452411534,False,3.814856294331326e-05,2004-02-18 00:00:00,30.0,-3.25,False,False,False,False,False,False,False,True,True,False
113,12,2004-02-17 18:00:00,2004-02-20 12:00:00,44.25,-37.0,71.0,26.25,4648.611183098131,12,0.0,66.0,4460.719441739733,True,0.00017068216183687332,2004-02-19 06:00:00,59.5,-27.75,True,False,False,True,True,True,True,True,True,True
131,5,2004-02-18 00:00:00,2004-02-19 00:00:00,47.0,-44.5,37.0,-37.0,1387.7128685780817,4,0.0,24.0,1271.5849352760615,True,2.679299248684399e-05,2004-02-18 06:00:00,45.25,-42.25,True,False,False,True,False,True,True,True,True,False
145,6,2004-02-18 12:00:00,2004-02-19 18:00:00,45.25,6.5,44.75,8.75,475.1976752065297,6,0.0,30.0,185.4331048435412,True,8.023962155481343e-05,2004-02-19 06:00:00,44.75,8.0,True,False,False,True,False,False,True,True,True,False
153,7,2004-02-18 18:00:00,2004-02-20 06:00:00,44.25,-29.25,30.0,-22.75,2054.5164062838667,3,0.2857142857142857,36.0,1684.6428196459065,True,0.00010913261897659272,2004-02-18 18:00:00,44.25,-29.25,True,False,False,True,False,True,False,True,True,False
167,13,2004-02-18 18:00:00,2004-02-21 18:00:00,71.75,33.0,75.25,-0.5,4625.117069913511,1,0.8461538461538461,72.0,1108.921612245787,False,0.00010723297901069838,2004-02-19 18:00:00,80.0,-18.75,False,False,True,False,True,True,False,True,True,False
181,9,2004-02-19 18:00:00,2004-02-21 18:00:00,45.0,0.25,46.0,-6.0,1658.2314697282745,9,0.0,48.0,499.49545863006387,True,5.832986241866194e-05,2004-02-20 06:00:00,48.0,-0.25,True,False,True,True,True,False,True,True,True,False
183,6,2004-02-19 06:00:00,2004-02-20 12:00:00,64.25,22.25,59.75,23.0,526.9202938097153,6,0.0,30.0,501.89743133447394,True,3.524233702662484e-05,2004-02-19 12:00:00,63.25,23.0,True,False,False,True,False,False,True,True,True,False
191,5,2004-02-19 12:00:00,2004-02-20 12:00:00,45.75,-27.75,47.5,-29.5,426.154343580468,5,0.0,24.0,236.0474794080623,True,6.74114925840812e-05,2004-02-19 12:00:00,45.75,-27.75,True,False,False,True,False,False,True,True,True,False
197,9,2004-02-19 18:00:00,2004-02-21 18:00:00,30.0,-16.5,40.25,0.25,2020.2428151705412,1,0.5555555555555556,48.0,1897.0243247677915,False,9.340622954033633e-05,2004-02-20 12:00:00,33.75,-13.5,False,False,True,False,True,True,False,True,True,False
203,4,2004-02-19 18:00:00,2004-02-20 12:00:00,57.75,-24.25,61.25,-12.25,923.3046136818284,4,0.0,18.0,779.4117671870031,True,8.61134509518631e-05,2004-02-19 18:00:00,57.75,-24.25,True,False,False,True,False,False,True,True,True,False
233,7,2004-02-20 06:00:00,2004-02-21 18:00:00,47.75,11.5,51.75,14.5,646.5639928019376,7,0.0,36.0,494.14691697184725,True,4.690852155217341e-05,2004-02-21 18:00:00,51.75,14.5,True,False,True,True,False,False,True,True,True,False
243,4,2004-02-20 12:00:00,2004-02-21 06:00:00,36.25,-48.0,44.5,-45.75,1010.3898147486225,2,0.0,18.0,936.84192282939,False,6.994134166486608e-05,2004-02-21 00:00:00,40.0,-45.0,True,False,False,True,False,False,True,True,True,False
245,6,2004-02-20 12:00:00,2004-02-21 18:00:00,52.5,-53.25,67.0,-68.0,1898.924307051394,5,0.0,30.0,1801.0053180881455,True,0.00019996193994257383,2004-02-21 12:00:00,62.75,-56.75,True,False,True,True,False,True,True,True,True,False
247,5,2004-02-20 12:00:00,2004-02-21 12:00:00,30.0,7.0,30.0,11.25,409.26310413801946,0,1.0,24.0,409.24146687148465,False,4.690394984761068e-05,2004-02-20 12:00:00,30.0,7.0,False,False,False,False,False,False,False,True,True,False
253,5,2004-02-20 18:00:00,2004-02-21 18:00:00,46.25,-15.75,43.0,-15.0,820.0206945202523,5,0.0,24.0,366.2202792007153,True,5.0669432659004244e-05,2004-02-21 18:00:00,43.0,-15.0,True,False,True,True,False,False,True,True,True,False
255,5,2004-02-20 18:00:00,2004-02-21 18:00:00,30.0,-2.0,30.0,3.0,481.48407860463925,0,1.0,24.0,481.4499400851367,False,6.193474153553342e-05,2004-02-21 00:00:00,30.0,-0.5,False,False,True,False,False,False,False,True,True,False
261,4,2004-02-21 00:00:00,2004-02-21 18:00:00,39.0,-76.25,40.75,-66.0,928.3715674073704,0,0.25,18.0,895.5060676948128,False,6.501181071416215e-05,2004-02-21 18:00:00,40.75,-66.0,False,False,True,False,False,False,True,True,True,False
277,4,2004-02-21 00:00:00,2004-02-21 18:00:00,30.0,20.75,30.0,23.75,288.89151865245265,0,1.0,18.0,288.88464194294784,False,2.7537585410659677e-05,2004-02-21 12:00:00,30.0,22.75,False,False,True,False,False,False,False,True,True,False
341,9,2004-02-19 18:00:00,2004-02-21 18:00:00,48.5,34.5,43.715011764141295,39.7709044749009,1073.7875313794962,0,0.1111111111111111,48.0,669.1368036904668,False,9.090155808352377e-05,2004-02-20 18:00:00,46.25,34.25,False,False,True,False,True,False,True,True,True,False
347,16,2004-02-18 00:00:00,2004-02-21 18:00:00,35.0,-75.0,50.5,-50.0,2863.2382110327403,8,0.0,90.0,2648.7598994976734,False,0.00024664341172465616,2004-02-19 18:00:00,43.25,-61.5,False,False,True,True,True,True,True,True,True,True
355,4,2004-02-18 12:00:00,2004-02-19 06:00:00,33.75,-4.0,35.75,-1.5,434.9288946774453,0,0.5,18.0,318.76568799258916,False,4.4559869738069716e-05,2004-02-19 06:00:00,35.75,-1.5,False,False,False,False,False,False,False,True,True,False
369,9,2004-02-19 12:00:00,2004-02-21 12:00:00,60.25,-52.75,63.5,-40.0,2166.3002360823966,9,0.0,48.0,757.9158257869198,True,9.254200815182676e-05,2004-02-19 18:00:00,61.5,-52.0,True,False,False,True,True,False,True,True,True,False
371,4,2004-02-20 00:00:00,2004-02-20 18:00:00,38.0,-30.5,35.5,-32.5,387.07163285794155,0,0.0,18.0,330.1730751199376,False,4.1269614930709625e-05,2004-02-20 00:00:00,38.0,-30.5,False,False,False,False,False,False,True,True,True,False
389,8,2004-02-20 00:00:00,2004-02-21 18:00:00,30.0,-4.0,40.0,7.25,1757.867871397135,2,0.25,42.0,1509.5544059001052,False,9.904267570857505e-05,2004-02-21 00:00:00,40.5,3.0,True,False,True,True,False,True,True,True,True,False
401,5,2004-02-20 18:00:00,2004-02-21 18:00:00,35.0,40.0,35.5,40.0,166.79238996683833,0,1.0,24.0,55.597463322279445,False,6.02905237312228e-05,2004-02-21 18:00:00,35.5,40.0,False,False,True,False,False,False,False,True,True,False
403,4,2004-02-21 00:00:00,2004-02-21 18:00:00,30.0,-43.75,39.75,-41.0,1185.8845857978042,0,0.25,18.0,1112.627089242709,False,7.556583257329168e-05,2004-02-21 18:00:00,39.75,-41.0,False,False,True,False,False,True,True,True,True,False
417,8,2004-02-18 00:00:00,2004-02-19 18:00:00,30.0,-21.5,35.25,-15.0,1435.4848924007101,0,0.875,42.0,842.9980784031372,False,6.863717653095859e-05,2004-02-18 18:00:00,30.0,-15.5,False,False,False,False,False,False,False,True,True,False
421,6,2004-02-18 00:00:00,2004-02-19 06:00:00,39.0,-8.5,43.25,-17.75,1149.2705072681124,4,0.0,30.0,906.7261311117815,False,4.4477553399556406e-05,2004-02-18 12:00:00,40.0,-11.75,True,False,False,True,False,False,True,True,True,False
429,4,2004-02-19 12:00:00,2004-02-20 06:00:00,35.25,3.0,39.5,7.5,722.1152025495766,0,0.0,18.0,617.4286373463059,False,4.419592110764874e-05,2004-02-20 06:00:00,39.5,7.5,False,False,False,False,False,False,True,True,True,False
469,7,2004-02-17 18:00:00,2004-02-19 06:00:00,51.0,-80.0,53.5,-80.0,2167.3971040121955,0,0.42857142857142855,36.0,277.9873166113965,False,4.4319107133022004e-05,2004-02-18 12:00:00,56.5,-67.25,False,False,False,False,False,False,False,True,True,False
475,4,2004-02-17 00:00:00,2004-02-17 18:00:00,49.25,-80.0,44.25,-69.25,990.3307740197985,0,0.25,18.0,988.4353405439158,False,5.0540659089812804e-05,2004-02-17 00:00:00,49.25,-80.0,False,True,False,False,False,False,True,True,True,False
481,4,2004-02-17 00:00:00,2004-02-17 18:00:00,38.25,-80.0,39.5,-80.0,361.383511594816,0,1.0,18.0,138.99365830569826,False,4.1584762330315966e-05,2004-02-17 12:00:00,40.0,-80.0,False,True,False,False,False,False,False,True,True,False
487,8,2004-02-17 12:00:00,2004-02-19 06:00:00,71.0,-23.5,74.5,-64.0,1701.7544559494918,5,0.0,42.0,1360.395818983287,True,9.53461291316575e-05,2004-02-17 12:00:00,71.0,-23.5,True,False,False,True,False,True,True,True,True,False
491,5,2004-02-20 18:00:00,2004-02-21 18:00:00,68.25,-29.25,65.25,4.5,1593.0475506747562,5,0.0,24.0,1498.0107234858401,True,9.20473913780254e-05,2004-02-20 18:00:00,68.25,-29.25,True,False,True,True,False,True,True,True,True,False
539,6,2004-02-17 00:00:00,2004-02-18 06:00:00,80.0,-21.25,80.0,-6.5,647.518242547473,0,1.0,30.0,284.04246531089296,False,7.898275348707349e-05,2004-02-17 00:00:00,80.0,-21.25,False,True,False,False,False,False,False,True,True,False
573,4,2004-02-20 06:00:00,2004-02-21 00:00:00,80.0,-8.75,76.0,25.5,915.6410228259494,0,1.0,18.0,889.0493563219427,False,7.221594211481002e-05,2004-02-20 12:00:00,80.0,0.25,False,False,False,False,False,False,False,True,True,False
587,9,2004-02-17 00:00:00,2004-02-19 00:00:00,58.75,-80.0,54.25,-49.75,2432.6034411855535,4,0.2222222222222222,48.0,1904.598425101663,False,4.791608711646564e-05,2004-02-18 06:00:00,53.5,-59.25,True,True,False,True,True,True,True,True,True,True
603,7,2004-02-17 00:00:00,2004-02-18 12:00:00,73.25,-12.25,80.0,-75.5,3125.754428771311,5,0.2857142857142857,36.0,1677.1803634545354,True,8.025458112055233e-05,2004-02-18 12:00:00,80.0,-75.5,False,True,False,True,False,True,False,True,True,False
605,10,2004-02-18 00:00:00,2004-02-20 06:00:00,79.0,2.5,80.0,33.75,2664.95186047566,0,1.0,54.0,634.7835557394665,False,0.00010819888418886168,2004-02-19 06:00:00,80.0,-18.0,False,False,False,False,True,False,False,True,True,False
637,5,2004-02-18 18:00:00,2004-02-19 18:00:00,80.0,-75.75,69.5,-60.75,1315.3807655335552,0,0.6,24.0,1237.895417083627,False,6.990453972637372e-05,2004-02-19 18:00:00,69.5,-60.75,False,False,False,False,False,True,False,True,True,False
641,10,2004-02-17 18:00:00,2004-02-20 00:00:00,64.0,-66.5,80.0,-76.0,2155.5171149540065,3,0.1,54.0,1803.091656436781,False,6.835423560949963e-05,2004-02-19 12:00:00,69.25,-60.0,True,False,False,True,True,True,True,True,True,True
649,7,2004-02-18 18:00:00,2004-02-20 06:00:00,62.5,-25.5,70.0,13.25,2052.750859850388,7,0.0,36.0,1882.0626330140126,True,6.111175182890095e-05,2004-02-18 18:00:00,62.5,-25.5,True,False,False,True,False,True,True,True,True,False
667,12,2004-02-17 00:00:00,2004-02-19 18:00:00,54.5,-60.25,65.5,-38.5,2371.5320778655187,11,0.0,66.0,1703.0648108721173,False,0.00010645954093487566,2004-02-17 12:00:00,57.5,-50.0,True,True,False,True,True,True,True,True,True,True
669,5,2004-02-17 00:00:00,2004-02-18 00:00:00,75.0,-68.5,75.25,-36.5,1480.8643999948094,0,0.8,24.0,902.7643277633875,False,6.366837659968507e-05,2004-02-17 12:00:00,79.0,-70.75,False,True,False,False,False,False,False,True,True,False
673,12,2004-02-18 12:00:00,2004-02-21 06:00:00,71.5,-29.5,75.25,31.75,4339.801753523237,5,0.5833333333333334,66.0,1898.4654668526746,True,9.1411049743205e-05,2004-02-20 18:00:00,80.0,-11.0,False,False,False,True,True,True,False,True,True,False
683,7,2004-02-17 00:00:00,2004-02-18 12:00:00,67.5,-47.75,76.25,-14.75,2915.2505736985645,2,0.5714285714285714,36.0,1464.7475003678237,True,0.0001490964355779416,2004-02-18 12:00:00,76.25,-14.75,False,True,False,True,False,True,False,True,True,False
689,8,2004-02-17 00:00:00,2004-02-18 18:00:00,52.75,-6.0,44.25,-2.25,1441.2989452650277,8,0.0,42.0,984.3628700141228,True,4.0176702496165585e-05,2004-02-17 18:00:00,49.25,0.5,True,True,False,True,False,False,True,True,True,False
711,4,2004-02-21 00:00:00,2004-02-21 18:00:00,64.0,1.5,64.25,29.75,1374.9094121768062,4,0.0,18.0,1359.877336632318,True,6.712797133466534e-05,2004-02-21 12:00:00,64.0,21.5,True,False,True,True,False,True,True,True,True,False
713,4,2004-02-20 18:00:00,2004-02-21 12:00:00,76.0,14.75,73.25,-9.75,826.293493671886,2,0.5,18.0,777.0750111975552,False,7.556484657335609e-05,2004-02-21 06:00:00,74.0,-10.0,True,False,False,True,False,False,False,True,True,False
715,4,2004-02-18 06:00:00,2004-02-19 00:00:00,57.75,-75.5,52.75,-80.0,692.2885016761093,0,1.0,18.0,624.541955883622,False,4.822538690493619e-05,2004-02-18 06:00:00,57.75,-75.5,False,False,False,False,False,False,False,True,True,False
729,5,2004-02-18 18:00:00,2004-02-19 18:00:00,54.25,-59.25,58.0,-43.75,1291.801633100727,5,0.0,24.0,1044.1956527519678,True,4.7033606203817967e-05,2004-02-19 06:00:00,59.0,-51.5,True,False,False,True,False,True,True,True,True,False
733,7,2004-02-19 00:00:00,2004-02-20 12:00:00,80.0,25.75,63.75,35.25,2607.505720056058,0,0.7142857142857143,36.0,1830.745757548082,False,0.00010645665605768212,2004-02-19 06:00:00,77.5,32.75,False,False,False,False,False,True,False,True,True,False
735,6,2004-02-19 06:00:00,2004-02-20 12:00:00,72.0,13.25,67.5,-29.0,2022.9438404671412,6,0.0,30.0,1661.2443107301906,True,8.122114002181988e-05,2004-02-20 12:00:00,67.5,-29.0,True,False,False,True,False,True,True,True,True,False
741,6,2004-02-19 06:00:00,2004-02-20 12:00:00,71.0,-29.75,62.5,-57.25,1899.4598747093228,6,0.0,30.0,1510.3768754298762,True,8.283670098320878e-05,2004-02-19 18:00:00,67.75,-30.75,True,False,False,True,False,True,True,True,True,False
743,6,2004-02-19 12:00:00,2004-02-20 18:00:00,40.25,25.25,30.0,30.5,1549.9158713571937,1,0.16666666666666666,30.0,1235.084764236581,True,2.0405087674212263e-05,2004-02-20 12:00:00,35.75,29.75,False,False,False,False,False,True,True,True,True,False
